<application>
  <component name="DaemonCodeAnalyzerSettings">
    <option name="SHOW_METHOD_SEPARATORS" value="true" />
  </component>
  <component name="DefaultFont">
    <option name="FONT_SIZE" value="12" />
    <option name="FONT_REGULAR_SUB_FAMILY" value="Regular" />
    <option name="FONT_BOLD_SUB_FAMILY" value="Bold" />
    <option name="USE_LIGATURES" value="true" />
  </component>
  <component name="EditorSettings">
    <option name="ENABLE_RENDERED_DOC" value="true" />
    <option name="IS_WHITESPACES_SHOWN" value="true" />
  </component>
  <component name="LiveEditOptions" chromeUpdateJSOnChanges="true" restartIfHotSwapFailed="true" updateFilesToCompile="true" />
  <component name="XmlEditorOptions">
    <option name="showCssInlineColorPreview" value="true" />
    <option name="tagTreeHighlightingLevelCount" value="1" />
    <option name="tagTreeHighlightingOpacity" value="50" />
  </component>
</application>